,BNA0157,E.ON Kernkraft GmbH,Brokdorf,Schleswig-Holstein,1986,in Betrieb,Kernenergie,Nein,1410.0
,BNA0263,E.ON Kernkraft GmbH,Isar 2,Bayern,1988,in Betrieb,Kernenergie,Nein,1410.0
,BNA0802,EnBW Energie Baden-Württemberg AG,Kernkraftwerk Philippsburg 2,Baden-Württemberg,1985,in Betrieb,Kernenergie,Nein,1402.0
,BNA0251,E.ON Kernkraft GmbH,Grohnde,Niedersachsen,1985,in Betrieb,Kernenergie,Nein,1360.0
,BNA0607,Kernkraftwerke Lippe-Ems GmbH (KLE),Kernkraftwerk Emsland,Niedersachsen,1988,in Betrieb,Kernenergie,Nein,1336.0
,BNA0686,EnBW Energie Baden-Württemberg AG,Gemeinschaftskernkraftwerk Neckarwestheim II,Baden-Württemberg,1989,in Betrieb,Kernenergie,Nein,1310.0
,BNA0382,Kernkraftwerk Gundremmingen GmbH (KGG),Kernkraft Gundremmingen ,Bayern,1984,in Betrieb,Kernenergie,Nein,1288.0
,BNA0381,E.ON Kernkraft GmbH,Kernkraft Gundremmingen ,Bayern,1984,in Betrieb,Kernenergie,Nein,1284.0
,BNA0355,E.ON Kernkraft GmbH,Grafenrheinfeld,Bayern,1982,Endgültig Stillgelegt 2015 (mit StA),Kernenergie,Nein,1275.0
06-05-100-0248923,BNA1401a,RWE Power AG,BoA 2,Nordrhein-Westfalen,2012,in Betrieb,Braunkohle,nein,1060.0
06-05-100-0248923,BNA1401b,RWE Power AG,BoA 3,Nordrhein-Westfalen,2012,in Betrieb,Braunkohle,nein,1060.0
,BNA0606,RWE Generation SE,Emsland,Niedersachsen,2010,in Betrieb,Erdgas,Ja,887.0
06-05-700-0105516,BNA0793,Uniper Kraftwerke GmbH ,Heyden,Nordrhein-Westfalen,1987,in Betrieb,Steinkohle,Nein,875.0
14-80-00009560000,BNA0116,EnBW Energie Baden-Württemberg AG,Braunkohlekraftwerk Lippendorf,Sachsen,1999,in Betrieb,Braunkohle,Ja,875.0
14-80-00009560000,BNA0115,Vattenfall Europe Generation AG,Lippendorf,Sachsen,2000,in Betrieb,Braunkohle,Ja,875.0
14-70-46630660001,BNA0124,Vattenfall Europe Generation AG,Boxberg,Sachsen,2000,in Betrieb,Braunkohle,Ja,857.0
,BNA0994,Gemeinschaftskraftwerk Irsching GmbH,Gemeinschaftskraftwerk Irsching ,Bayern,2010,Gesetzlich an Stilllegung gehindert,Erdgas,Nein,846.0
06-08-2948214,BNA0646b,Grosskraftwerk Mannheim AG,GKM ,Baden-Württemberg,2015,in Betrieb,Steinkohle,Ja,843.0
06-08-2797933,BNA0518b,EnBW Energie Baden-Württemberg AG,Rheinhafen-Dampfkraftwerk,Baden-Württemberg,2014,in Betrieb,Steinkohle,Ja,842.0
06-02-BERZ003800,BNA1558,Vattenfall Kraftwerk Moorburg GmbH,Moorburg B,Hamburg,2015,in Betrieb,Steinkohle,Nein,800.0
06-02-BERZ003800,BNA1673,Vattenfall Kraftwerk Moorburg GmbH,Moorburg A,Hamburg,2015,in Betrieb,Steinkohle,,800.0
,BNA0548a,Statkraft Markets GmbH,Knapsack Gas I,Nordrhein-Westfalen,2006,in Betrieb,Erdgas,Nein,800.0
06-05-500-0338944,BNA0493,RWE Generation SE,Ibbenbüren,Nordrhein-Westfalen,1985,in Betrieb,Steinkohle,Ja,794.0
06-08-1020129,BNA0434,EnBW Energie Baden-Württemberg AG,Heizkraftwerk Heilbronn,Baden-Württemberg,1985,in Betrieb,Steinkohle,Ja,778.0
06-05-900-0079017,BNA0413b,RWE Generation SE,Westfalen,Nordrhein-Westfalen,2014,Sonderfall,Steinkohle,Nein,765.0
06-05-900-0079017,BNA0413c,RWE Generation SE,Westfalen,Nordrhein-Westfalen,2014,in Betrieb,Steinkohle,Nein,764.0
03-09-09281566110,BNA1061,Uniper Kraftwerke GmbH ,Wilhelmshaven,Niedersachsen,1976,in Betrieb,Steinkohle,Nein,757.0
12-40716440000,BNA0915,Vattenfall Europe Generation AG,Schwarze Pumpe,Brandenburg,1998,in Betrieb,Braunkohle,Ja,750.0
12-40716440000,BNA0914,Vattenfall Europe Generation AG,Schwarze Pumpe,Brandenburg,1997,in Betrieb,Braunkohle,Ja,750.0
06-05-900-9141660,BNA1508,Trianel Kohlekraftwerk Lünen GmbH & Co. KG,Trianel Kohlekraftwerk Lünen,Nordrhein-Westfalen,2013,in Betrieb,Steinkohle,Ja,746.0
03-09-09000237910,BNA1674,ENGIE Deutschland AG,Kraftwerk Wilhelmshaven,Niedersachsen,2015,in Betrieb,Steinkohle,Nein,731.0
06-10-00100999,BNA0093,STEAG GmbH,Kraftwerk Bexbach,Saarland,1983,in Betrieb,Steinkohle,Nein,726.0
06-05-100-0365906,BNA0216b,Steag GmbH,KW Walsum,Nordrhein-Westfalen,2013,in Betrieb,Steinkohle,Ja,725.0
06-05-900-0205103,BNA0067,RWE Generation SE,Bergkamen,Nordrhein-Westfalen,1981,in Betrieb,Steinkohle,Ja,717.0
06-05-100-0431554,BNA0991,Kraftwerk Voerde beschränkt haftende OHG,KW Voerde,Nordrhein-Westfalen,1982,in Betrieb,Steinkohle,Nein,695.0
06-05-100-0431554,BNA0992,Kraftwerk Voerde beschränkt haftende OHG,KW Voerde,Nordrhein-Westfalen,1985,in Betrieb,Steinkohle,Nein,695.0
,BNA0464,Stadtwerke Hannover AG,KWM,Niedersachsen,1979,in Betrieb,Steinkohle,Nein,690.0
06-05-500-0342658,BNA0335,Uniper Kraftwerke GmbH ,Scholven,Nordrhein-Westfalen,1979,Endgültig Stillgelegt 2014 (mit StA),Steinkohle,Nein,676.0
06-10-00101003,BNA0820,Saar GmbH,Weiher,Saarland,1976,in Betrieb,Steinkohle,ja,655.6
06-05-300-0326774,BNA0707,RWE Power AG,Niederaußem,Nordrhein-Westfalen,1974,in Betrieb,Braunkohle,Nein,648.0
14-70-46630660001,BNA1404,Vattenfall Europe Generation AG,Boxberg,Sachsen,2012,in Betrieb,Braunkohle,Nein,640.0
06-05-300-0877384,BNA1028,RWE Power AG,Weisweiler,Nordrhein-Westfalen,1975,in Betrieb,Braunkohle,Ja,636.0
06-05-300-0877384,BNA1027,RWE Power AG,Weisweiler,Nordrhein-Westfalen,1974,in Betrieb,Braunkohle,Ja,636.0
06-05-300-0326774,BNA0709,RWE Power AG,Niederaußem,Nordrhein-Westfalen,2002,in Betrieb,Braunkohle,Nein,632.0
06-05-300-0326774,BNA0708,RWE Power AG,Niederaußem,Nordrhein-Westfalen,1974,in Betrieb,Braunkohle,Ja,628.0
,BNA0374,Uniper Kraftwerke GmbH ,Staudinger,Hessen,1977,Gesetzlich an Stilllegung gehindert,Erdgas,Nein,622.0
06-05-900-0865327,BNA1046a,RWE Generation SE,Gersteinwerk,Nordrhein-Westfalen,1984,in Betrieb,Steinkohle,Nein,620.0
06-05-100-0248923,BNA0699,RWE Power AG,Neurath,Nordrhein-Westfalen,1975,in Betrieb,Braunkohle,Ja,607.0
06-05-100-0248923,BNA0700,RWE Power AG,Neurath,Nordrhein-Westfalen,1976,in Betrieb,Braunkohle,Ja,604.0
,BNA1817,Stadtwerke Düsseldorf AG,GuD,Nordrhein-Westfalen,2016,in Betrieb,Erdgas,Ja,595.0
,BNA0199,RWE Generation SE,Dormagen,Nordrhein-Westfalen,2000,in Betrieb,Erdgas,Ja,586.3
,BNA0995,Uniper Kraftwerke GmbH ,"Ulrich Hartmann
(Irsching)",Bayern,2011,Gesetzlich an Stilllegung gehindert,Erdgas,Nein,545.0
13-30-1010101,BNA0849,EnBW Energie Baden-Württemberg AG,KNG Kraftwerk Rostock,Mecklenburg-Vorpommern,1994,in Betrieb,Steinkohle,Ja,514.0
06-00176010435,BNA0377,Uniper Kraftwerke GmbH ,Staudinger,Hessen,1992,in Betrieb,Steinkohle,Ja,510.0
06-08-2797933,BNA0518a,EnBW Energie Baden-Württemberg AG,Rheinhafen-Dampfkraftwerk,Baden-Württemberg,1985,in Betrieb,Steinkohle,Ja,505.0
,BNA0614b,BASF SE,Kraftwerk Mitte,Rheinland-Pfalz,2005,in Betrieb,Erdgas,Ja,490.0
06-09-100-0003-0003,BNA1093,ENGIE Deutschland AG,Zolling,Bayern,1986,in Betrieb,Steinkohle,Ja,472.0
12-40710010000,BNA0790,Vattenfall Europe Generation AG,KW Jänschwalde,Brandenburg,1989,in Betrieb,Braunkohle,Ja,465.0
14-70-46630660001,BNA0122,Vattenfall Europe Generation AG,Boxberg,Sachsen,1979,in Betrieb,Braunkohle,Ja,465.0
14-70-46630660001,BNA0123,Vattenfall Europe Generation AG,Boxberg,Sachsen,1980,in Betrieb,Braunkohle,Ja,465.0
12-40710010000,BNA0785,Vattenfall Europe Generation AG,KW Jänschwalde,Brandenburg,1981,in Betrieb,Braunkohle,Ja,465.0
12-40710010000,BNA0788,Vattenfall Europe Generation AG,KW Jänschwalde,Brandenburg,1985,in Betrieb,Braunkohle,Ja,465.0
12-40710010000,BNA0786,Vattenfall Europe Generation AG,KW Jänschwalde,Brandenburg,1982,in Betrieb,Braunkohle,Ja,465.0
12-40710010000,BNA0787,Vattenfall Europe Generation AG,KW Jänschwalde,Brandenburg,1984,in Betrieb,Braunkohle,Ja,465.0
12-40710010000,BNA0789,Vattenfall Europe Generation AG,KW Jänschwalde,Brandenburg,1987,in Betrieb,Braunkohle,Ja,465.0
,BNA1818,RheinEnergie AG,Niehl 3,Nordrhein-Westfalen,2016,in Betrieb,Erdgas,Ja,459.9
12358,BNA0879,Uniper Kraftwerke GmbH ,Schkopau,Sachsen-Anhalt,1996,in Betrieb,Braunkohle,Ja,450.0
12358,BNA0878,Uniper Kraftwerke GmbH ,Schkopau,Sachsen-Anhalt,1996,in Betrieb,Braunkohle,Ja,450.0
06-05-900-0327252,BNA0450,Steag GmbH,KW Herne,Nordrhein-Westfalen,1989,in Betrieb,Steinkohle,Ja,449.0
,BNA1820,Gemeinschaftskraftwerk Bremen GmbH und Co. KG,KW Mittelsbüren,Bremen,2016,in Betrieb,Erdgas,Nein,444.5
,BNA0073,Vattenfall Europe Wärme AG,Mitte,Berlin,1996,in Betrieb,Erdgas,Ja,444.0
,BNA0745,Uniper Kraftwerke GmbH ,Franken 1,Bayern,1976,in Betrieb,Erdgas,Nein,440.0
06-08-2948214,BNA0646a,Grosskraftwerk Mannheim AG,GKM ,Baden-Württemberg,1993,in Betrieb,Steinkohle,Ja,435.0
,BNA0626,Kraftwerke Mainz-Wiesbaden AG,Kraftwerk Mainz,Rheinland-Pfalz,2001,in Betrieb,Erdgas,Ja,434.2
06-08-1741292,BNA0020,EnBW Energie Baden-Württemberg AG,Heizkraftwerk Altbach/Deizisau,Baden-Württemberg,1985,in Betrieb,Steinkohle,Ja,433.0
,BNA0245b,Statkraft Markets GmbH,Emden Gas,Niedersachsen,1973,Vorläufig Stillgelegt (ohne StA),Erdgas,Nein,433.0
,BNA0574b,Statkraft Markets GmbH,Landesbergen Gas,Niedersachsen,1973,Vorläufig Stillgelegt (mit StA),Erdgas,Nein,431.0
,BNA0548b,Statkraft Markets GmbH,Knapsack Gas II,Nordrhein-Westfalen,2013,in Betrieb,Erdgas,Nein,430.0
06-08-2948214,BNA0645,Grosskraftwerk Mannheim AG,GKM ,Baden-Württemberg,1982,in Betrieb,Steinkohle,Ja,425.0
,BNA0411,Trianel Gaskraftwerk Hamm GmbH & Co. KG ,Trianel Gaskraftwerk ,Nordrhein-Westfalen,2008,in Betrieb,Erdgas,Nein,420.9
,BNA0410,Trianel Gaskraftwerk Hamm GmbH & Co. KG ,Trianel Gaskraftwerk ,Nordrhein-Westfalen,2008,in Betrieb,Erdgas,Nein,417.1
,BNA0442,Mark-E AG / Statkraft Markets GmbH,Cuno Heizkraftwerk Herdecke,Nordrhein-Westfalen,2007,in Betrieb,Erdgas,Nein,417.0
,BNA0993,Uniper Kraftwerke GmbH ,Irsching,Bayern,1974,Gesetzlich an Stilllegung gehindert,Erdgas,Nein,415.0
,BNA0545,RheinEnergie AG,HKW Niehl 2,Nordrhein-Westfalen,2005,in Betrieb,Erdgas,Ja,413.0
,BNA0615,BASF SE,Kraftwerk Süd,Rheinland-Pfalz,1997,in Betrieb,Erdgas,Ja,390.0
,BNA0744,Uniper Kraftwerke GmbH ,Franken 1,Bayern,1973,in Betrieb,Erdgas,Nein,383.0
06-05-100-0365906,BNA0216a,Steag GmbH,KW Walsum,Nordrhein-Westfalen,1988,in Betrieb,Steinkohle,Ja,370.0
,BNA0605,RWE Generation SE,Emsland,Niedersachsen,1974,in Betrieb,Erdgas,Ja,359.0
,BNA0604,RWE Generation SE,Emsland,Niedersachsen,1973,in Betrieb,Erdgas,Ja,359.0
,BNA1045,RWE Generation SE,Gersteinwerk,Nordrhein-Westfalen,1973,Vorläufig Stillgelegt (mit StA),Erdgas,Nein,355.0
,BNA1043,RWE Generation SE,Gersteinwerk,Nordrhein-Westfalen,1973,Vorläufig Stillgelegt (mit StA),Erdgas,Nein,355.0
,BNA1044,RWE Generation SE,Gersteinwerk,Nordrhein-Westfalen,1973,Vorläufig Stillgelegt (mit StA),Erdgas,Nein,355.0
,BNA0514,EnBW Energie Baden-Württemberg AG,Rheinhafen-Dampfkraftwerk,Baden-Württemberg,1998,in Betrieb,Erdgas,Nein,353.0
,BNA0439,Helmstedter Revier GmbH,Buschhaus,Niedersachsen,1985,Sicherheitsbereitschaft,Braunkohle,Nein,352.0
06-04-11/2039669/2/0,BNA0147,ENGIE Deutschland AG,Farge,Bremen,1969,in Betrieb,Steinkohle,Nein,350.0
06-05-500-0342658,BNA0331,Uniper Kraftwerke GmbH ,Scholven,Nordrhein-Westfalen,1969,in Betrieb,Steinkohle,Ja,345.0
06-05-500-0342658,BNA0332,Uniper Kraftwerke GmbH ,Scholven,Nordrhein-Westfalen,1968,in Betrieb,Steinkohle,Ja,345.0
06-05-500-0342658,BNA0333,Uniper Kraftwerke GmbH ,Scholven,Nordrhein-Westfalen,1970,Endgültig Stillgelegt 2014 (mit StA),Steinkohle,Ja,345.0
06-05-500-0342658,BNA0334,Uniper Kraftwerke GmbH ,Scholven,Nordrhein-Westfalen,1971,Endgültig Stillgelegt 2014 (mit StA),Steinkohle,Ja,345.0
,BNA0203,Uniper Kraftwerke GmbH ,Knepper,Nordrhein-Westfalen,1971,Endgültig Stillgelegt 2014 (mit StA),Steinkohle,Ja,345.0
06-08-1741292,BNA0019,EnBW Energie Baden-Württemberg AG,Heizkraftwerk Altbach/Deizisau,Baden-Württemberg,1997,in Betrieb,Steinkohle,Ja,336.0
,BNA0811,Uniper Kraftwerke GmbH ,Kraftwerk Veltheim,Nordrhein-Westfalen,1975,Endgültig Stillgelegt 2015 (mit StA),Erdgas,Nein,335.0
,BNA0627,Kraftwerke Mainz-Wiesbaden AG,Kraftwerk Mainz,Rheinland-Pfalz,1977,Gesetzlich an Stilllegung gehindert,Erdgas,Ja,335.0
06-09-100-0088-0001,BNA0969b,SWM Services GmbH,Nord 2,Bayern,1991,in Betrieb,Steinkohle,Ja,332.7
06-05-900-0884101,BNA0619,Steag GmbH,KW Lünen,Nordrhein-Westfalen,1969,in Betrieb,Steinkohle,Ja,324.0
01-50-02000283604,BNA0526,Gemeinschaftskraftwerk Kiel GmbH,Gemeinschaftskraftwerk Kiel,Schleswig-Holstein,1970,in Betrieb,Steinkohle,Ja,323.0
06-05-100-0853075,BNA0990,Steag GmbH,KW West,Nordrhein-Westfalen,1971,in Betrieb,Steinkohle,Nein,322.0
06-05-300-0877384,BNA1025,RWE Power AG,Weisweiler,Nordrhein-Westfalen,1965,in Betrieb,Braunkohle,Nein,321.0
,BNA0239,Uniper Kraftwerke GmbH ,Huntorf,Niedersachsen,1978,in Betrieb,Erdgas,Nein,321.0
06-05-300-0877384,BNA1026,RWE Power AG,Weisweiler,Nordrhein-Westfalen,1967,in Betrieb,Braunkohle,Nein,321.0
06-05-100-0853075,BNA0989,Steag GmbH,KW West,Nordrhein-Westfalen,1971,in Betrieb,Steinkohle,Nein,318.0
06-05-900-0045033,BNA1037,Mark-E AG,Kraftwerk Werdohl-Elverlingsen,Nordrhein-Westfalen,1982,in Betrieb,Steinkohle,,310.0
,BNA0813,Uniper Kraftwerke GmbH ,Kraftwerk Veltheim,Nordrhein-Westfalen,1970,Endgültig Stillgelegt 2015 (mit StA),Steinkohle,Nein,303.0
06-04-11/2001178/8/0,BNA0146,swb Erzeugung GmbH & Co. KG,KW Hafen,Bremen,1979,in Betrieb,Steinkohle,Ja,300.0
06-05-300-0326774,BNA0706,RWE Power AG,Niederaußem,Nordrhein-Westfalen,1971,in Betrieb,Braunkohle,Nein,299.0
06-05-300-0326774,BNA0705,RWE Power AG,Niederaußem,Nordrhein-Westfalen,1968,in Betrieb,Braunkohle,Nein,297.0
06-05-300-0326774,BNA0713,RWE Power AG,Niederaußem,Nordrhein-Westfalen,1970,in Betrieb,Braunkohle,Nein,295.0
06-05-300-0326774,BNA0712,RWE Power AG,Niederaußem,Nordrhein-Westfalen,1965,in Betrieb,Braunkohle,Nein,295.0
06-05-100-0248923,BNA0697,RWE Power AG,Neurath,Nordrhein-Westfalen,1972,in Betrieb,Braunkohle,Nein,294.0
06-05-100-0248923,BNA0696,RWE Power AG,Neurath,Nordrhein-Westfalen,1972,in Betrieb,Braunkohle,Nein,294.0
,BNA0221c,Stadtwerke Düsseldorf AG,Gasblock,Nordrhein-Westfalen,1976,in Betrieb,Erdgas,Ja,293.0
06-00176010435,BNA0376,Uniper Kraftwerke GmbH ,Staudinger,Hessen,1970,Endgültig Stillgelegt 2012 (ohne StA),Steinkohle,Nein,293.0
06-05-100-0248923,BNA0698,RWE Power AG,Neurath,Nordrhein-Westfalen,1973,in Betrieb,Braunkohle,Nein,292.0
06-05-900-0079017,BNA0413a,RWE Generation SE,Westfalen,Nordrhein-Westfalen,1969,Endgültig Stillgelegt 2016 (mit StA),Steinkohle,Nein,284.0
06-05-100-0081105,BNA0313,RWE Power AG,Frimmersdorf,Nordrhein-Westfalen,1966,in Betrieb,Braunkohle,Ja,284.0
06-10-0075248,BNA0252,Gemeinschaft nach Bruchteilen der Saarstahl AG (SAG) und Saarschmiede GmbH Freiformschmiede (SSF),Kraftwerk Ensdorf,Saarland,2001,in Betrieb,Steinkohle,Nein,283.0
06-11-01-1105609,BNA0086,Vattenfall Europe Wärme AG,Reuter West,Berlin,1987,in Betrieb,Steinkohle,Ja,282.0
06-11-01-1105609,BNA0087,Vattenfall Europe Wärme AG,Reuter West,Berlin,1988,in Betrieb,Steinkohle,Ja,282.0
06-05-900-0327252,BNA0449,Steag GmbH,KW Herne,Nordrhein-Westfalen,1966,in Betrieb,Steinkohle,Ja,280.0
06-05-100-0081105,BNA0314,RWE Power AG,Frimmersdorf,Nordrhein-Westfalen,1970,in Betrieb,Braunkohle,Nein,278.0
,BNA1024,RWE Power AG,Weisweiler,Nordrhein-Westfalen,2006,Vorläufig Stillgelegt (ohne StA),Erdgas,Nein,272.0
,BNA1023,RWE Power AG,Weisweiler,Nordrhein-Westfalen,2006,Vorläufig Stillgelegt (ohne StA),Erdgas,Nein,272.0
,BNA0207,DREWAG Stadtwerke Dresden GmbH,HKW Dresden-Nossener Brücke,Sachsen,1995,in Betrieb,Erdgas,Ja,263.0
06-08-2948214,BNA0644,Grosskraftwerk Mannheim AG,GKM ,Baden-Württemberg,2005,in Betrieb,Steinkohle,Ja,255.0
06-00176010435,BNA0375,Uniper Kraftwerke GmbH ,Staudinger,Hessen,1965,Endgültig Stillgelegt 2013 (ohne StA),Steinkohle,Ja,249.0
,BNA0214,Stadtwerke Duisburg AG,HKW III/B,Nordrhein-Westfalen,2005,in Betrieb,Erdgas,Ja,234.0
,BNA0418,Stadtwerke Hannover AG,GKL,Niedersachsen,1998 / 2013,in Betrieb,Erdgas,Ja,230.0
,BNA0389,Mark-E AG,Heizkraftwerk Hagen-Kabel,Nordrhein-Westfalen,1980,Vorläufig Stillgelegt (mit StA),Erdgas,Ja,230.0
,BNA0074,Vattenfall Europe Wärme AG,Charlottenburg,Berlin,1975,in Betrieb,Erdgas,Ja,211.0
06-10-00101000,BNA0999,Saar GmbH,Heizkraftwerk,Saarland,1989,in Betrieb,Steinkohle,ja,211.0
06-08-2948214,BNA0643,Grosskraftwerk Mannheim AG,GKM ,Baden-Württemberg,1970,Endgültig Stillgelegt 2015 (mit StA),Steinkohle,Ja,202.5
06-08-2948214,BNA0642,Grosskraftwerk Mannheim AG,GKM ,Baden-Württemberg,1966,Endgültig Stillgelegt 2015 (mit StA),Steinkohle,Ja,202.5
,BNA0531,Energieservice Westfalen Weser GmbH,KW Kirchlengern,Nordrhein-Westfalen,1980,in Betrieb,Erdgas,Nein,201.5
06-02-B10132A001,BNA0402,Vattenfall Europe Wärme Aktiengesellschaft,Tiefstack,Hamburg,1993,in Betrieb,Steinkohle,Ja,194.0
,BNA0918a,Dow Deutschland Anlagengesellschaft mbH,Dow Stade,Niedersachsen,1972,Endgültig Stillgelegt 2014 (mit StA),Erdgas,Ja,190.0
06-05-900-0045033,BNA1035,Mark-E AG,Kraftwerk Werdohl-Elverlingsen,Nordrhein-Westfalen,1971,Endgültig Stillgelegt 2014 (mit StA),Steinkohle,,186.0
,BNA0504,Thüringer Energie AG,HKW Jena,Thüringen,1996,in Betrieb,Erdgas,Ja,182.0
06-10-00101000,BNA0998,Saar GmbH,Modellkraftwerk,Saarland,1982,in Betrieb,Steinkohle,ja,179.0
,BNA0918b,Dow Deutschland Anlagengesellschaft mbH,Dow Stade,Niedersachsen,2014,in Betrieb,Erdgas,Ja,173.0
,BNA0588,Stadtwerke Leipzig GmbH,Heizkraftwerk Leipzig-Nord,Sachsen,1996,in Betrieb,Erdgas,Ja,167.0
06-11-01-1105501,BNA0081,Vattenfall Europe Wärme Aktiengesellschaft,Klingenberg,Berlin,1981,in Betrieb,Braunkohle,Ja,164.0
,BNA0130,Uniper Kraftwerke GmbH ,Kirchmöser,Brandenburg,1994,in Betrieb,Erdgas,Nein,160.0
,BNA0140,swb Erzeugung GmbH & Co. KG,KW Hastedt,Bremen,1972,Vorläufig Stillgelegt (mit StA),Erdgas,Ja,155.0
06-05-900-0079017,BNA0415,RWE Generation SE,Westfalen,Nordrhein-Westfalen,1963,Endgültig Stillgelegt 2011 (ohne StA),Steinkohle,Nein,152.0
06-05-900-0079017,BNA0414,RWE Generation SE,Westfalen,Nordrhein-Westfalen,1963,Endgültig Stillgelegt 2011 (ohne StA),Steinkohle,Nein,152.0
06-05-900-0884101,BNA0618,Steag GmbH,KW Lünen,Nordrhein-Westfalen,1962,in Betrieb,Steinkohle,Nein,149.0
,BNA1006,EnBW Energie Baden-Württemberg AG,Kraftwerk Walheim,Baden-Württemberg,1967,Gesetzlich an Stilllegung gehindert,Steinkohle,Nein,148.0
,BNA0080,Vattenfall Europe Wärme AG,Lichterfelde,Berlin,1973,Endgültig Stillgelegt 2016 (mit StA),Erdgas,Ja,144.0
,BNA0075,Vattenfall Europe Wärme AG,Lichterfelde,Berlin,1972,in Betrieb,Erdgas,Ja,144.0
,BNA0076,Vattenfall Europe Wärme AG,Lichterfelde,Berlin,1974,in Betrieb,Erdgas,Ja,144.0
,BNA1076b,Volkswagen AG,HKW West,Niedersachsen,1985,in Betrieb,Steinkohle,Ja,138.5
,BNA1076a,Volkswagen AG,HKW West,Niedersachsen,1985,in Betrieb,Steinkohle,Ja,138.5
06-05-100-0081105,BNA0310,RWE Power AG,Frimmersdorf,Nordrhein-Westfalen,1962,Endgültig Stillgelegt 2012 (ohne StA),Braunkohle,Nein,138.0
01-50-56050192711,BNA0404,Vattenfall Europe Wärme AG,Wedel,Schleswig-Holstein,1961,in Betrieb,Steinkohle,Ja,137.0
03-06-06060316030,BNA0420,Stadtwerke Hannover AG,GKH,Niedersachsen,1989,in Betrieb,Steinkohle,Ja,136.0
03-06-06060316030,BNA0421,Stadtwerke Hannover AG,GKH,Niedersachsen,1989,in Betrieb,Steinkohle,Ja,136.0
06-05-100-0081105,BNA0308,RWE Power AG,Frimmersdorf,Nordrhein-Westfalen,1962,Endgültig Stillgelegt 2012 (ohne StA),Braunkohle,Nein,136.0
06-05-300-0877384,BNA1022,RWE Power AG,Weisweiler,Nordrhein-Westfalen,1959,Endgültig Stillgelegt 2012 (ohne StA),Braunkohle,Nein,135.0
06-05-100-0081105,BNA0309,RWE Power AG,Frimmersdorf,Nordrhein-Westfalen,1964,Endgültig Stillgelegt 2012 (ohne StA),Braunkohle,Nein,135.0
06-05-900-0327252,BNA0447,Steag GmbH,KW Herne,Nordrhein-Westfalen,1963,Endgültig Stillgelegt 2014 (mit StA),Steinkohle,Nein,133.0
06-05-100-0081105,BNA0312,RWE Power AG,Frimmersdorf,Nordrhein-Westfalen,1964,Endgültig Stillgelegt 2012 (ohne StA),Braunkohle,Nein,133.0
06-05-100-0229264,BNA0212,Stadtwerke Duisburg AG,HKW II/B,Nordrhein-Westfalen,1965,Endgültig Stillgelegt 2012 (ohne StA),Steinkohle,Ja,133.0
,BNA0448,Uniper Kraftwerke GmbH ,Shamrock,Nordrhein-Westfalen,1957,Endgültig Stillgelegt 2013 (ohne StA),Steinkohle,Ja,132.0
06-05-100-0081105,BNA0306,RWE Power AG,Frimmersdorf,Nordrhein-Westfalen,1960,Endgültig Stillgelegt 2012 (ohne StA),Braunkohle,Nein,132.0
06-05-100-0081105,BNA0311,RWE Power AG,Frimmersdorf,Nordrhein-Westfalen,1962,Endgültig Stillgelegt 2012 (ohne StA),Braunkohle,Nein,131.0
06-05-100-0081105,BNA0303,RWE Power AG,Frimmersdorf,Nordrhein-Westfalen,1957,Endgültig Stillgelegt 2011 (ohne StA),Braunkohle,Nein,130.0
06-05-100-0081105,BNA0305,RWE Power AG,Frimmersdorf,Nordrhein-Westfalen,1959,Endgültig Stillgelegt 2012 (ohne StA),Braunkohle,Nein,130.0
06-05-100-0081105,BNA0302,RWE Power AG,Frimmersdorf,Nordrhein-Westfalen,1957,Endgültig Stillgelegt 2011 (ohne StA),Braunkohle,Nein,129.0
06-05-100-0365906,BNA0215,Steag GmbH,KW Walsum,Nordrhein-Westfalen,1959,Endgültig Stillgelegt 2014 (mit StA),Steinkohle,Nein,129.0
06-05-100-0081105,BNA0307,RWE Power AG,Frimmersdorf,Nordrhein-Westfalen,1960,Endgültig Stillgelegt 2012 (ohne StA),Braunkohle,Nein,128.0
,BNA0684c,SWM Services GmbH,Süd DT60,Bayern,2004,in Betrieb,Erdgas,Ja,127.6
,BNA0400,Vattenfall Europe Wärme Aktiengesellschaft,GuD Tiefstack,Hamburg,2009,in Betrieb,Erdgas,Ja,127.0
06-04-11/2001178/8/0,BNA0145,swb Erzeugung GmbH & Co. KG,KW Hafen,Bremen,1968,Vorläufig Stillgelegt (mit StA),Steinkohle,Ja,127.0
06-05-300-0326774,BNA0710,RWE Power AG,Niederaußem,Nordrhein-Westfalen,1963,Vorläufig Stillgelegt (ohne StA),Braunkohle,Nein,125.0
06-05-300-0326774,BNA0711,RWE Power AG,Niederaußem,Nordrhein-Westfalen,1963,Vorläufig Stillgelegt (ohne StA),Braunkohle,Nein,125.0
06-08-1020129,BNA0432,EnBW Energie Baden-Württemberg AG,Heizkraftwerk Heilbronn,Baden-Württemberg,1965,Gesetzlich an Stilllegung gehindert,Steinkohle,Ja,125.0
06-08-1020129,BNA0433,EnBW Energie Baden-Württemberg AG,Heizkraftwerk Heilbronn,Baden-Württemberg,1966,Gesetzlich an Stilllegung gehindert,Steinkohle,Ja,125.0
,BNA0684a,SWM Services GmbH,Süd GT 61,Bayern,2004,in Betrieb,Erdgas,Ja,124.9
06-11-01-1105602,BNA0082,Vattenfall Europe Wärme Aktiengesellschaft,Reuter,Berlin,1969,in Betrieb,Steinkohle,Ja,124.0
06-05-100-0081105,BNA0304,RWE Power AG,Frimmersdorf,Nordrhein-Westfalen,1960,Endgültig Stillgelegt 2011 (ohne StA),Braunkohle,Nein,124.0
,BNA0684b,SWM Services GmbH,Süd GT 62,Bayern,2004,in Betrieb,Erdgas,Ja,123.9
06-05-300-0877384,BNA1021,RWE Power AG,Weisweiler,Nordrhein-Westfalen,1955,Endgültig Stillgelegt 2012 (ohne StA),Braunkohle,Ja,123.0
,BNA0922,KWG-Kraftwerksgesellschaft Staßfurt mbH,GuD-Ikw Staßfurt,Sachsen-Anhalt,1996,in Betrieb,Erdgas,Ja,123.0
01-50-56050192711,BNA0403,Vattenfall Europe Wärme AG,Wedel,Schleswig-Holstein,1962,in Betrieb,Steinkohle,Ja,123.0
,BNA0893,BASF Schwarzheide GmbH,GuD Schwarzheide,Brandenburg,1994,in Betrieb,Erdgas,Ja,122.0
,BNA0172a,Wacker Chemie AG,Dampfkraftwerk BGH - O1,Bayern,2001,in Betrieb,Erdgas,Ja,120.0
06-04-11/2001178/8/0,BNA0144,swb Erzeugung GmbH & Co. KG,KW Hastedt,Bremen,1989,in Betrieb,Steinkohle,Ja,119.0
,BNA0602,RWE Generation SE,Emsland,Niedersachsen,2011,in Betrieb,Erdgas,Ja,116.0
,BNA0603,RWE Generation SE,Emsland,Niedersachsen,2011,in Betrieb,Erdgas,Ja,116.0
1,BNA0189,Uniper Kraftwerke GmbH ,Datteln,Nordrhein-Westfalen,1969,Endgültig Stillgelegt 2013 (ohne StA),Steinkohle,Nein,113.0
,BNA0857,Adam Opel AG,GuD-Anlage Rüsselsheim,Hessen,1999,in Betrieb,Erdgas,Ja,112.1
,BNA1046b,RWE Generation SE,Gersteinwerk,Nordrhein-Westfalen,1984,in Betrieb,Erdgas,Nein,112.0
06-05-100-0081105,BNA0292,RWE Power AG,Frechen/Wachtberg,Nordrhein-Westfalen,1959,in Betrieb,Braunkohle,Ja,110.0
06-05-100-9021016,BNA0557b,Currenta GmbH & Co. OHG,Kraftwerk N 230,Nordrhein-Westfalen,1971,in Betrieb,Steinkohle,Ja,110.0
,BNA0444,K+S AG,Wintershall,Hessen,1967,in Betrieb,Erdgas,Ja,109.5
,BNA0546,RheinEnergie AG,HKW Merkenich,Nordrhein-Westfalen,2004,in Betrieb,Erdgas,Ja,108.0
,BNA0848,Stadtwerke Rostock AG,GuD Marienehe,Mecklenburg-Vorpommern,1996,in Betrieb,Erdgas,Ja,108.0
06-10-0075248,BNA0253,"VSE AG, Kraftwerk Ensdorf",Kraftwerk Ensdorf,Saarland,1963,in Betrieb,Steinkohle,Ja,106.0
,BNA0105,envia THERM GmbH,GuD Bitterfeld,Sachsen-Anhalt,2000,in Betrieb,Erdgas,Ja,106.0
06-05-300-9046797,BNA0600b,Currenta GmbH & Co. OHG,G-Kraftwerk,Nordrhein-Westfalen,1962,in Betrieb,Steinkohle,Ja,103.0
,BNA0419,Stadtwerke Hannover AG,KWH,Niedersachsen,1975,Vorläufig Stillgelegt (mit StA),Erdgas,Ja,102.0
,BNA0685,Stadtwerke Münster GmbH,Heizkraftwerk Hafen,Nordrhein-Westfalen,2005,in Betrieb,Erdgas,Ja,100.2
,BNA0220,Stadtwerke Düsseldorf AG,GuD,Nordrhein-Westfalen,2000,in Betrieb,Erdgas,Ja,100.0
,BNA0286,Mainova AG,HKW West,Hessen,1994,in Betrieb,Erdgas,Ja,99.0
,BNA0683b,SWM Services GmbH,Süd GT3,Bayern,1980,in Betrieb,Erdgas,Ja,97.9
,BNA0683c,SWM Services GmbH,Süd GT2,Bayern,1980,in Betrieb,Erdgas,Ja,97.9
,BNA0805,Daimler AG / UPM GmbH,Kraftwerk Plattling,Bayern,2010,in Betrieb,Erdgas,Ja,97.9
,BNA0392a,EVH GmbH,HKW Halle Trotha,Sachsen-Anhalt,2005,in Betrieb,Erdgas,Ja,97.0
,BNA0497,Infraserv GmbH & Co. Höchst KG,ADS-Anlage,Hessen,2012,in Betrieb,Erdgas,Ja,96.5
,BNA1005,EnBW Energie Baden-Württemberg AG,Kraftwerk Walheim,Baden-Württemberg,1964,Gesetzlich an Stilllegung gehindert,Steinkohle,Nein,96.0
,BNA0117b,Energie- und Wasserversorgung Bonn/Rhein-Sieg GmbH,Heizkraftwerk Karlstraße,Nordrhein-Westfalen,2013,in Betrieb,Erdgas,Ja,95.0
,BNA1260,Daimler AG,Heizkraftwerk Sindelfingen,Baden-Württemberg,1980 / 2013,in Betrieb,Erdgas,Ja,95.0
1,BNA0188,Uniper Kraftwerke GmbH ,Datteln,Nordrhein-Westfalen,1964,Endgültig Stillgelegt 2013 (ohne StA),Steinkohle,Ja,95.0
1,BNA0187,Uniper Kraftwerke GmbH ,Datteln,Nordrhein-Westfalen,1964,Endgültig Stillgelegt 2013 (ohne StA),Steinkohle,Ja,95.0
06-05-100-0031758,BNA0211,Stadtwerke Duisburg AG,HKW I,Nordrhein-Westfalen,1985,in Betrieb,Steinkohle,Ja,95.0
,BNA1487,Entega AG,GTKW Darmstadt,Hessen,2013,Gesetzlich an Stilllegung gehindert,Erdgas,Nein,94.6
,BNA0812,Gemeinschaftskraftwerk Veltheim GmbH,Kraftwerk Veltheim,Nordrhein-Westfalen,1965,Endgültig Stillgelegt 2012 (ohne StA),Steinkohle,Nein,93.0
14-60-48821410003,BNA0179,eins energie in sachsen GmbH & Co. KG,HKW Chemnitz  Nord II,Sachsen,1990,in Betrieb,Braunkohle,Ja,90.8
06-11-01-1105604,BNA0085a,Vattenfall Europe Wärme Aktiengesellschaft,Moabit,Berlin,1990,in Betrieb,Steinkohle,Ja,89.0
,BNA0499,Infraserv GmbH & Co. Höchst KG,Heizkraftwerk,Hessen,2003,in Betrieb,Erdgas,Ja,86.0
06-05-100-0030723,BNA1084,WSW Energie & Wasser AG,HKW Elberfeld ,Nordrhein-Westfalen,1989,in Betrieb,Steinkohle,Ja,85.0
,BNA1336,Henkel AG & Co.KGaA,Holthausen,Nordrhein-Westfalen,1948,in Betrieb,Erdgas,Ja,84.0
,BNA1248a,UPM GmbH,UPM Schongau,Bayern,1969,Gesetzlich an Stilllegung gehindert,Erdgas,Ja,82.0
,BNA1082,WSW Energie & Wasser AG,HKW Barmen,Nordrhein-Westfalen,2005,in Betrieb,Erdgas,Ja,82.0
,BNA0814,Energie und Wasser Potsdam GmbH,HKW Potsdam-Süd,Brandenburg,1996,in Betrieb,Erdgas,Ja,81.8
,BNA0018,EnBW Energie Baden-Württemberg AG,Heizkraftwerk Altbach/Deizisau,Baden-Württemberg,1975,in Betrieb,Erdgas,Nein,81.0
,BNA0681,SWM Services GmbH,Freimann GT 1,Bayern,1975,Endgültig Stillgelegt 2015 (mit StA),Erdgas,Ja,80.0
,BNA0682,SWM Services GmbH,Freimann GT 2,Bayern,1975,Endgültig Stillgelegt 2015 (mit StA),Erdgas,Nein,80.0
,BNA0683a,SWM Services GmbH,Süd DT1,Bayern,1980,in Betrieb,Erdgas,Ja,79.7
,BNA0834,Solvay Chemicals GmbH,Solvay Kraftwerk Rheinberg,Nordrhein-Westfalen,1975,in Betrieb,Steinkohle,ja,79.0
,BNA0059b,Volkswagen AG,"GuD Baunatal, VW Werksgelände",Hessen,2013,in Betrieb,Erdgas,Ja,78.0
,BNA0659,Evonik Degussa GmbH,Kraftwerk III,Nordrhein-Westfalen,1974,in Betrieb,Erdgas,Ja,77.6
,BNA0256a,SWE Energie GmbH,HKW Erfurt-Ost,Thüringen,2000,in Betrieb,Erdgas,Ja,76.5
06-05-300-0923949,BNA0543,RheinEnergie AG,HKW Merkenich,Nordrhein-Westfalen,2010,in Betrieb,Braunkohle,Ja,75.3
,BNA0742,N-ERGIE AG,HKW Sandreuth,Bayern,2005,in Betrieb,Erdgas,Ja,75.0
,BNA0743,N-ERGIE AG,HKW Sandreuth,Bayern,2005,in Betrieb,Erdgas,Ja,75.0
,BNA0688,"Neubrandenburger Stadtwerke GmbH /
VASA Kraftwerkepool GmbH und Co. KG",GuD-HKW Neubrandenburg,Mecklenburg-Vorpommern,1997,in Betrieb,Erdgas,Ja,75.0
,BNA1819,Stadtwerke Flensburg GmbH,Heizkraftwerk FL,Schleswig-Holstein,2016,in Betrieb,Erdgas,Ja,75.0
,BNA0861a,Energie SaarLorLux AG,HKW Römerbrücke,Saarland,2005 / 2012,in Betrieb,Erdgas,Ja,75.0
,BNA0136,Braunschweiger Versorgungs-AG & Co. KG,HKW-Mitte,Niedersachsen,2010,in Betrieb,Erdgas,Ja,74.0
12-40520430000,BNA0183,HKW Heizkraftwerksgesellschaft Cottbus mbH,HKW Cottbus,Brandenburg,1999,in Betrieb,Braunkohle,Ja,74.0
,BNA0343,Energieversorgung Gera GmbH,Heizkraftwerk Gera-Nord,Thüringen,1996,in Betrieb,Erdgas,Ja,74.0
,BNA0336,Uniper Kraftwerke GmbH ,FWK Buer,Nordrhein-Westfalen,1985,in Betrieb,Steinkohle,Ja,70.0
,BNA0285,Mainova AG,HKW Niederrad,Hessen,2005,in Betrieb,Erdgas,Ja,70.0
,BNA0196,Mitteldeutsche Braunkohlengesellschaft mbH,Deuben,Sachsen-Anhalt,1936,in Betrieb,Braunkohle,Ja,67.0
,BNA0221b,Stadtwerke Düsseldorf AG,GT,Nordrhein-Westfalen,1974,in Betrieb,Erdgas,Nein,66.7
,BNA0498,Infraserv GmbH & Co. Höchst KG,Heizkraftwerk,Hessen,1989,in Betrieb,Steinkohle,Ja,66.0
,BNA1509,BP Europa SE,BP Werk Lingen,Niedersachsen,1996,in Betrieb,Erdgas,Ja,66.0
06-05-800-0203946,BNA0489,RWE Power AG,Goldenberg,Nordrhein-Westfalen,1992,Endgültig Stillgelegt 2015 (mit StA),Braunkohle,Ja,66.0
,BNA0088a,Solvay Chemicals GmbH,Industriekraftwerk Bernburg (IKB),Sachsen-Anhalt,1994,in Betrieb,Erdgas,Ja,66.0
,BNA0015,EnBW Energie Baden-Württemberg AG,Heizkraftwerk Altbach/Deizisau,Baden-Württemberg,1997,in Betrieb,Erdgas,Ja,65.0
,BNA0810,Uniper Kraftwerke GmbH ,Kraftwerk Veltheim,Nordrhein-Westfalen,1974,Endgültig Stillgelegt 2015 (mit StA),Erdgas,Nein,65.0
,BNA1248b,UPM GmbH,HKW3 UPM Schongau,Bayern,2015,in Betrieb,Erdgas,ja,65.0
,BNA0221a,Stadtwerke Düsseldorf AG,GT,Nordrhein-Westfalen,1974,in Betrieb,Erdgas,Nein,64.7
,BNA0755b,Kraftwerk Obernburg GmbH,Obernburg,Bayern,1995,in Betrieb,Erdgas,Ja,64.0
06-00464010412,BNA0290,Mainova AG,HKW West,Hessen,1989,in Betrieb,Steinkohle,Ja,61.5
,BNA1075b,Volkswagen AG,HKW Nord,Niedersachsen,2000,in Betrieb,Steinkohle,Ja,61.5
06-00464010412,BNA0289b,Mainova AG,HKW West,Hessen,1989,in Betrieb,Steinkohle,Ja,61.5
,BNA1075a,Volkswagen AG,HKW Nord,Niedersachsen,2000,in Betrieb,Steinkohle,Ja,61.5
,BNA0658,Evonik Degussa GmbH,Kraftwerk III,Nordrhein-Westfalen,1973,in Betrieb,Erdgas,Ja,61.1
,BNA1676,Evonik Degussa GmbH,Kraftwerk IV,Nordrhein-Westfalen,2016,In Betrieb,Erdgas,ja,60.6
,BNA0661,Evonik Degussa GmbH,Kraftwerk II,Nordrhein-Westfalen,1966,in Betrieb,Steinkohle,Ja,60.4
,BNA0662a,Evonik Degussa GmbH,Kraftwerk I ,Nordrhein-Westfalen,1983,in Betrieb,Steinkohle,Ja,60.2
,BNA0293,Solvay Acetow GmbH,GuD Anlage WVK,Baden-Württemberg,1998,in Betrieb,Erdgas,Ja,60.1
,BNA0680,Mitteldeutsche Braunkohlengesellschaft mbH,Mumsdorf,Sachsen-Anhalt,1968,Endgültig Stillgelegt 2013 (mit StA),Braunkohle,Ja,60.0
,BNA1078,Palm Power GmbH & Co. KG,HKW Wörth,Rheinland-Pfalz,2008,in Betrieb,Erdgas,Ja,59.0
,BNA1335a,Papier- u. Kartonfabrik Varel GmbH & Co. KG,PKV Kraftwerk,Niedersachsen,1989,in Betrieb,Erdgas,Ja,58.1
,BNA0178,eins energie in sachsen GmbH & Co. KG,HKW Chemnitz  Nord II,Sachsen,1986,in Betrieb,Erdgas,Ja,57.2
,BNA0243,Palm Power GmbH & Co. KG,HKW Eltmann,Bayern,2008,in Betrieb,Erdgas,Ja,57.0
,BNA0017,EnBW Energie Baden-Württemberg AG,Heizkraftwerk Altbach/Deizisau,Baden-Württemberg,1973,in Betrieb,Erdgas,Nein,57.0
14-60-48821410003,BNA0177,eins energie in sachsen GmbH & Co. KG,HKW Chemnitz  Nord II,Sachsen,1988,in Betrieb,Braunkohle,Ja,56.8
,BNA0288,Mainova AG,HKW Niederrad,Hessen,1973,in Betrieb,Erdgas,Ja,56.0
,BNA0574a,Statkraft Markets GmbH,Landesbergen Gas,Niedersachsen,1973,in Betrieb,Erdgas,Nein,56.0
,BNA0660,Evonik Degussa GmbH,Kraftwerk I  ,Nordrhein-Westfalen,1971,in Betrieb,Steinkohle,Ja,55.3
,BNA1040,RWE Generation SE,Gersteinwerk,Nordrhein-Westfalen,1973,in Betrieb,Erdgas,Nein,55.0
,BNA1041,RWE Generation SE,Gersteinwerk,Nordrhein-Westfalen,1973,in Betrieb,Erdgas,Nein,55.0
,BNA1042,RWE Generation SE,Gersteinwerk,Nordrhein-Westfalen,1973,in Betrieb,Erdgas,Nein,55.0
,BNA1039,RWE Generation SE,Gersteinwerk,Nordrhein-Westfalen,1973,in Betrieb,Erdgas,Nein,55.0
,BNA0491,RWE Power AG,Ville/Berrenrath,Nordrhein-Westfalen,1991,in Betrieb,Braunkohle,Ja,55.0
,BNA0099,Uniper Kraftwerke GmbH ,Gasturbinenkraftwerk Bielefeld Ummeln,Nordrhein-Westfalen,1975,Endgültig Stillgelegt 2015 (mit StA),Erdgas,Nein,55.0
,BNA0933,EnBW Energie Baden-Württemberg AG,Heizkraftwerk Stuttgart-Gaisburg,Baden-Württemberg,1973,Endgültig Stillgelegt 2014 (ohne StA),Erdgas,Nein,55.0
06-00059010413,BNA0758,Energieversorgung Offenbach AG,Heizkraftwerk Offenbach,Hessen,1990,in Betrieb,Steinkohle,ja,54.0
,BNA0392b,Heizkraftwerk Halle-Trotha GmbH,HKW Halle Trotha,Sachsen-Anhalt,2013,in Betrieb,Erdgas,Ja,54.0
,BNA1089,K+S AG,Zielitz,Sachsen-Anhalt,1996,in Betrieb,Erdgas,Ja,52.0
,BNA0592,InfraLeuna GmbH,GuD Leuna,Sachsen-Anhalt,1998,in Betrieb,Erdgas,Ja,52.0
,BNA0245a,Statkraft Markets GmbH,Emden Gas,Niedersachsen,1973,in Betrieb,Erdgas,Nein,52.0
,BNA1279,Basell Polyolefine GmbH,Gasturbine,Nordrhein-Westfalen,1996,in Betrieb,Erdgas,Ja,51.9
,BNA0913,Alpiq Spreetal GmbH,GuD Anlage Spreetal,Sachsen,2009,Endgültig Stillgelegt 2012 (ohne StA),Erdgas,Nein,50.0
,BNA0172b,Wacker Chemie AG,,Bayern,1977,in Betrieb,Erdgas,Ja,50.0
,BNA0016,EnBW Energie Baden-Württemberg AG,Heizkraftwerk Altbach/Deizisau,Baden-Württemberg,1971,in Betrieb,Erdgas,Nein,50.0
,BNA0861b,Energie SaarLorLux AG,HKW Römerbrücke,Saarland,1988,in Betrieb,Steinkohle,Ja,50.0
,BNA0521,Städtische Werke Energie + Wärme GmbH,Kombi-HKW,Hessen,1987,in Betrieb,Erdgas,Ja,50.0
12110,BNA0194,Kraftwerk Dessau GmbH,Kraftwerk Dessau,Sachsen-Anhalt,1996,in Betrieb,Braunkohle,ja,49.0
,BNA0174,InfraServ GmbH & Co. Gendorf KG,Industriepark Werk Gendorf,Bayern,2002,in Betrieb,Erdgas,Ja,47.5
,BNA1337e,DS Smith Paper Deutschland GmbH,GuD-Anlage,Bayern,2013,in Betrieb,Erdgas,Ja,47.0
,BNA0233,Stora Enso Sachsen GmbH,Kombikraftwerk,Sachsen,1993,in Betrieb,Erdgas,Ja,46.6
,BNA0935,EnBW Energie Baden-Württemberg AG,Restmüll-Heizkraftwerk Stuttgart-Münster,Baden-Württemberg,1982,in Betrieb,Steinkohle,Ja,45.0
12-30532000000,BNA0284,Stadtwerke Frankfurt (Oder) GmbH,Heizkraftwerk FFO,Brandenburg,1997,in Betrieb,Braunkohle,Ja,45.0
06-05-800-0203946,BNA0490b,RWE Power AG,Goldenberg,Nordrhein-Westfalen,1993,Endgültig Stillgelegt 2015 (mit StA),Braunkohle,Ja,45.0
,BNA0936,EnBW Energie Baden-Württemberg AG,Restmüll-Heizkraftwerk Stuttgart-Münster,Baden-Württemberg,1984,in Betrieb,Steinkohle,Ja,45.0
,BNA1486,ROMONTA GmbH,Grubenheizkraftwerk,Sachsen-Anhalt,1979,in Betrieb,Braunkohle,Ja,45.0
,BNA0896,Energieversorgung Schwerin GmbH & Co. Erzeugung KG,HKW Schwerin Süd,Mecklenburg-Vorpommern,1994,in Betrieb,Erdgas,Ja,44.9
,BNA1088,Heizkraftwerk Würzburg GmbH,Heizkraftwerke an der Friedensbrücke,Bayern,2005,in Betrieb,Erdgas,Ja,44.5
,BNA0111,Stadtwerke Bochum Holding GmbH,HKW Hiltrop,Nordrhein-Westfalen,2014,in Betrieb,Erdgas,Ja,44.0
03-01-01010157480,BNA0138,Braunschweiger Versorgungs-AG & Co. KG,HKW-Mitte,Niedersachsen,1984,in Betrieb,Steinkohle,Ja,43.3
,BNA0614a,BASF SE,KW Mitte,Rheinland-Pfalz,1992,Sonderfall,Erdgas,Ja,43.0
,BNA1523a,Moritz J. Weig GmbH & Co KG,Gemeinschaftskraftwerk Weig,Rheinland-Pfalz,1992,in Betrieb,Erdgas,Ja,42.0
,BNA0800,Heizkraftwerk Pforzheim GmbH,Heizkraftwerk Pforzheim GmbH,Baden-Württemberg,1980,in Betrieb,Erdgas,Ja,41.2
,BNA0101,Stadtwerke Bielefeld GmbH,HKW Schildescher Straße,Nordrhein-Westfalen,1966,Sonderfall,Erdgas,Ja,41.0
,BNA0213,Stadtwerke Duisburg AG,HKW III/A,Nordrhein-Westfalen,2002,in Betrieb,Erdgas,Ja,40.0
,BNA0361,KGW - Kraftwerk Grenzach-Wyhlen GmbH,Kraftwerk Grenzach-Wyhlen,Baden-Württemberg,2004,in Betrieb,Erdgas,Ja,40.0
06-05-800-0203946,BNA0490a,RWE Power AG,Goldenberg,Nordrhein-Westfalen,1993,Sonderfall,Braunkohle,Ja,40.0
,BNA1074,envia THERM GmbH,Spitzenlastkraftwerk Wolfen,Sachsen-Anhalt,1997,in Betrieb,Erdgas,Nein,40.0
,BNA1500,"Nordzucker AG, Werk Uelzen",Werk Uelzen,Niedersachsen,"vor 1945 /
letzte Änderung 1990",Sonderfall,Steinkohle,Ja,40.0
,BNA1464,ZF Friedrichshafen AG,Gas- u. Dampfturbinenanlage Südraum,Saarland,2012,in Betrieb,Erdgas,ja,38.6
,BNA1531,Industriekraftwerk Greifswald GmbH,Industriekraftwerk Greifswald,Mecklenburg-Vorpommern,2014,in Betrieb,Erdgas,Ja,37.7
,BNA0005,Vattenfall Europe Generation AG,Ahrensfelde,Brandenburg,1990,in Betrieb,Erdgas,Nein,37.5
,BNA0100,Stadtwerke Bielefeld GmbH,GuD Kraftwerk Hillegossen,Nordrhein-Westfalen,2005,in Betrieb,Erdgas,ja,37.5
,BNA0006,Vattenfall Europe Generation AG,Ahrensfelde,Brandenburg,1990,in Betrieb,Erdgas,Nein,37.5
,BNA0734,Vattenfall Europe Generation AG,Thyrow,Brandenburg,1989,Gesetzlich an Stilllegung gehindert,Erdgas,Nein,37.5
,BNA0008,Vattenfall Europe Generation AG,Ahrensfelde,Brandenburg,1990,in Betrieb,Erdgas,Nein,37.5
,BNA0007,Vattenfall Europe Generation AG,Ahrensfelde,Brandenburg,1990,in Betrieb,Erdgas,Nein,37.5
,BNA0735,Vattenfall Europe Generation AG,Thyrow,Brandenburg,1989,Endgültig Stillgelegt 2016 (mit StA),Erdgas,Nein,37.5
,BNA0736,Vattenfall Europe Generation AG,Thyrow,Brandenburg,1989,Endgültig Stillgelegt 2016 (mit StA),Erdgas,Nein,37.5
,BNA0737,Vattenfall Europe Generation AG,Thyrow,Brandenburg,1989,Endgültig Stillgelegt 2016 (mit StA),Erdgas,Nein,37.5
,BNA0515,Stadtwerke Karlsruhe GmbH,Heizkraftwerk West,Baden-Württemberg,1984,in Betrieb,Erdgas,Ja,37.0
,BNA0595,InfraLeuna GmbH,ILK-GuD,Sachsen-Anhalt,1994,in Betrieb,Erdgas,Ja,37.0
,BNA0738,Vattenfall Europe Generation AG,Thyrow,Brandenburg,1987,Gesetzlich an Stilllegung gehindert,Erdgas,Nein,36.5
,BNA0739,Vattenfall Europe Generation AG,Thyrow,Brandenburg,1987,Gesetzlich an Stilllegung gehindert,Erdgas,Nein,36.5
,BNA0741,Vattenfall Europe Generation AG,Thyrow,Brandenburg,1987,Gesetzlich an Stilllegung gehindert,Erdgas,Nein,36.5
,BNA0740,Vattenfall Europe Generation AG,Thyrow,Brandenburg,1987,Gesetzlich an Stilllegung gehindert,Erdgas,Nein,36.5
,BNA0755a,Kraftwerk Obernburg GmbH,Obernburg,Bayern,1920,in Betrieb,Erdgas,Ja,36.0
,BNA1556,Sachsenmilch Leppersdorf GmbH,,Sachsen,2014,in Betrieb,Erdgas,Ja,36.0
,BNA0129,Stadtwerke Brandenburg an der Havel GmbH,HKW,Brandenburg,1997,in Betrieb,Erdgas,Ja,36.0
,BNA0593,InfraLeuna GmbH,ILK-GuD,Sachsen-Anhalt,1994,in Betrieb,Erdgas,Ja,35.0
,BNA0544,RheinEnergie AG,HKW Südstadt,Nordrhein-Westfalen,1994,in Betrieb,Erdgas,Ja,35.0
01-50-01000004838,BNA0273,Stadtwerke Flensburg GmbH,Heizkraftwerk FL,Schleswig-Holstein,1982,Endgültig Stillgelegt 2016 (mit StA),Steinkohle,ja,35.0
,BNA0804a,K+S AG,Hattorf,Hessen,1962,in Betrieb,Erdgas,Ja,35.0
,BNA0594,InfraLeuna GmbH/TOTAL Raffinerie Mitteldeutschland GmbH,ILK-GuD,Sachsen-Anhalt,1994,in Betrieb,Erdgas,Ja,35.0
,BNA1396,Energieversorgungscenter Dresden-Wilschdorf GmbH & Co. KG,EVC / GLOBALFOUNDRIES,Sachsen,1998,in Betrieb,Erdgas,Ja,34.3
,BNA1271,K+S AG,Unterbreizbach,Thüringen,1965,in Betrieb,Erdgas,Ja,33.6
06-14600010611,BNA0523,Städtische Werke Energie + Wärme GmbH,FKK,Hessen,1988,in Betrieb,Braunkohle,Ja,33.5
01-50-01000004838,BNA0272,Stadtwerke Flensburg GmbH,Heizkraftwerk FL,Schleswig-Holstein,1985,in Betrieb,Steinkohle,ja,33.0
,BNA0256b,SWE Energie GmbH,HKW Erfurt-Ost,Thüringen,2014,in Betrieb,Erdgas,Ja,32.6
,BNA1002,Mitteldeutsche Braunkohlengesellschaft mbH,Wählitz,Sachsen-Anhalt,1994,in Betrieb,Braunkohle,Ja,31.0
,BNA0527,Stadtwerke Kiel AG,HKW Humboldtstr.,Schleswig-Holstein,1970,in Betrieb,Erdgas,Ja,31.0
,BNA1437,Aluminium Oxid Stade GmbH,KWK AOS GmbH,Niedersachsen,2012,in Betrieb,Erdgas,Ja,30.7
,BNA1498,"Nordzucker AG, Werk Nordstemmen",Werk Nordstemmen,Niedersachsen,"vor 1945 /
letzte Änderung 1953",Sonderfall,Erdgas,Ja,30.6
,BNA1810,Exxon Mobil Production Deutschland GmbH,,Niedersachsen,2014,in Betrieb,Erdgas,Ja,30.2
,BNA1516,Südzucker AG Mannheim/Ochsenfurt,HKW 1 Werk Offstein,Rheinland-Pfalz,1992,in Betrieb,Erdgas,Ja,30.0
,BNA1087,Heizkraftwerk Würzburg GmbH,Heizkraftwerke an der Friedensbrücke,Bayern,2009,in Betrieb,Erdgas,Ja,29.5
01-50-01000004838,BNA0271,Stadtwerke Flensburg GmbH,Heizkraftwerk FL,Schleswig-Holstein,1988,in Betrieb,Steinkohle,ja,29.0
,BNA1103,UPM GmbH,UPM Augsburg,Bayern,1966,Gesetzlich an Stilllegung gehindert,Erdgas,Ja,29.0
,BNA0033,Stadtwerke Augsburg Energie GmbH,Gasturbine,Bayern,2004,in Betrieb,Erdgas,Ja,28.8
,BNA1458,Buchmann GmbH,,Rheinland-Pfalz,1975,in Betrieb,Erdgas,Ja,28.0
,BNA0011,Papierfabrik Albbruck GmbH,Papierfabrik Albbruck,Baden-Württemberg,2009,Endgültig Stillgelegt 2012 (ohne StA),Steinkohle,Ja,28.0
,BNA1451,Sachtleben Chemie GmbH,HKW Sachtleben,Nordrhein-Westfalen,1962,in Betrieb,Braunkohle,Ja,27.5
,BNA1337a,DS Smith Paper Deutschland GmbH,Heizkraftwerk,Bayern,,Endgültig Stillgelegt 2012 (ohne StA),Erdgas,ja,27.0
,BNA1315,Universitätsklinikum Freiburg AdöR,HKW,Baden-Württemberg,2001,in Betrieb,Erdgas,Ja,27.0
,BNA0600a,Currenta GmbH & Co. OHG,X-Kraftwerk,Nordrhein-Westfalen,1981,in Betrieb,Erdgas,Ja,27.0
01-50-01000004838,BNA0270,Stadtwerke Flensburg GmbH,Heizkraftwerk FL,Schleswig-Holstein,1992,in Betrieb,Steinkohle,ja,27.0
06-08-3042693,BNA0801,Heizkraftwerk Pforzheim GmbH,Heizkraftwerk Pforzheim GmbH,Baden-Württemberg,1990,in Betrieb,Steinkohle,Ja,26.9
,BNA0856,Energie- und Medienversorgung Schwarza GmbH,HKW Schwarza,Thüringen,1936,in Betrieb,Erdgas,Ja,26.5
,BNA1492a,Papierfabrik Adolf Jass Schwarza GmbH,Kraftwerk 3,Hessen,1990,in Betrieb,Erdgas,Ja,26.2
,BNA0202,RWE Generation SE,Dortmund,Nordrhein-Westfalen,2004,in Betrieb,Erdgas,Ja,26.0
06-05-100-9021016,BNA0557a,Currenta GmbH & Co. OHG,Kraftwerk L 57,Nordrhein-Westfalen,1957,in Betrieb,Steinkohle,Ja,26.0
,BNA0556a,Cargill Deutschland GmbH,KWK-Anlage Krefeld DT,Nordrhein-Westfalen,2005,in Betrieb,Erdgas,Nein,25.8
,BNA0702,Bayernoil Raffineriegesellschaft mbH,Cogeneration,Bayern,1996,Sonderfall,Erdgas,Ja,25.4
,BNA0137,Braunschweiger Versorgungs-AG & Co. KG,HKW-Nord,Niedersachsen,1965,in Betrieb,Erdgas,Ja,25.0
,BNA1056,InfraServ GmbH & Co. Wiesbaden KG,Wi-Biebrich,Hessen,2003 / 2006,in Betrieb,Erdgas,Ja,25.0
,BNA1086,Heizkraftwerk Würzburg GmbH,Heizkraftwerke an der Friedensbrücke,Bayern,1993,in Betrieb,Erdgas,Ja,25.0
,BNA0926b,Sappi Stockstadt GmbH,Heizkraftwerk der Sappi Stockstadt GmbH,Bayern,1969,in Betrieb,Steinkohle,Ja,24.8
,BNA1164,Pfeifer & Langen Kommanditgesellschaft,P&L Werk Jülich,Nordrhein-Westfalen,2004,in Betrieb,Braunkohle,ja,24.6
,BNA0753,Energieversorgung Oberhausen AG,HKW 2,Nordrhein-Westfalen,1995,in Betrieb,Erdgas,Ja,24.5
,BNA1332,INEOS Solvents Germany GmbH,INEOS Kraftwerk,Nordrhein-Westfalen,1995,in Betrieb,Erdgas,Ja,24.0
,BNA1328,HBB Heizkraftwerk Bauernfeind Betreibergesellschaft mbh,HBB,Bayern,2001,in Betrieb,Erdgas,Ja,24.0
,BNA1506,"Nordzucker AG, Werk Klein Wanzleben",Werk Klein Wanzleben,Sachsen-Anhalt,1994,Sonderfall,Erdgas,Ja,23.4
,BNA0752,Energieversorgung Oberhausen AG,HKW 1,Nordrhein-Westfalen,1972,in Betrieb,Erdgas,Ja,23.1
01-50-01000004838,BNA0274,Stadtwerke Flensburg GmbH,Heizkraftwerk FL,Schleswig-Holstein,1978,Endgültig Stillgelegt 2016 (mit StA),Steinkohle,ja,23.0
,BNA0897,Energieversorgung Schwerin GmbH & Co. Erzeugung KG,HKW Schwerin Lankow,Mecklenburg-Vorpommern,1994,in Betrieb,Erdgas,Ja,23.0
,BNA1085,Heizkraftwerk Würzburg GmbH,Heizkraftwerke an der Friedensbrücke,Bayern,1971,in Betrieb,Erdgas,Ja,23.0
,BNA0098,Stadtwerke Bielefeld GmbH,HKW Schildescher Straße,Nordrhein-Westfalen,1978,Sonderfall,Erdgas,Ja,23.0
,BNA0934,EnBW Energie Baden-Württemberg AG,Heizkraftwerk Stuttgart-Gaisburg,Baden-Württemberg,2009,in Betrieb,Steinkohle,Ja,22.6
,BNA0401,ADM Hamburg Aktiengesellschaft,Heizkraftwerk,Hamburg,1992,in Betrieb,Erdgas,Ja,22.5
,BNA1505,Adam Opel AG,HKW Wiesengrund,Thüringen,1993,in Betrieb,Erdgas,Ja,22.1
,BNA1524,Dow Wolff Cellulosics GmbH,Heizkraftwerk Bomlitz,Niedersachsen,1912,in Betrieb,Erdgas,Ja,22.1
,BNA0386,Mohn Media Mohndruck GmbH,Energiezentrum Mohn Media,Nordrhein-Westfalen,1994,in Betrieb,Erdgas,Ja,22.0
,BNA1489,VASA Kraftwerke-Pool GmbH & Co. KG,Heizkraftwerk Stendal,Sachsen-Anhalt,1994,in Betrieb,Erdgas,ja,22.0
,BNA0261a,Erlanger Stadtwerke AG,HKW Erlangen,Bayern,2005,in Betrieb,Erdgas,Ja,21.6
,BNA1276,Freudenberg Service KG,Kraftwerk Freudenberg Weinheim,Baden-Württemberg,1982,Endgültig Stillgelegt 2013 (ohne StA),Erdgas,Ja,21.0
,BNA1275,Freudenberg Service KG,Kraftwerk Freudenberg Weinheim,Baden-Württemberg,2005,Endgültig Stillgelegt 2013 (ohne StA),Erdgas,Ja,21.0
,BNA0110,RWE Generation SE,Bochum,Nordrhein-Westfalen,2004,in Betrieb,Erdgas,Ja,20.7
,BNA1405a,Fernwärme Ulm GmbH,Heizkraftwerk Magirusstraße,Baden-Württemberg,1978,in Betrieb,Steinkohle,Ja,20.7
,BNA1185,Pfeifer & Langen Kommanditgesellschaft,P&L Werk Könnern,Sachsen-Anhalt,1993,in Betrieb,Braunkohle,ja,20.3
,BNA0012b,Sappi Alfeld GmbH,Werkskraftwerk Sappi Alfeld,Niedersachsen,1947,in Betrieb,Erdgas,Ja,20.0
,BNA0135,Braunschweiger Versorgungs-AG & Co. KG,HKW-Mitte,Niedersachsen,1971,in Betrieb,Erdgas,Ja,20.0
,BNA1467,Koehler SE,,Baden-Württemberg,1986,in Betrieb,Steinkohle,Ja,20.0
,BNA1463,Smurfit Kappa Herzberger Papierfabrik GmbH,,Niedersachsen,1978,in Betrieb,Erdgas,Ja,19.5
,BNA1097,Smurfit Kappa Zülpich Papier GmbH,Kohlekraftwerk,Nordrhein-Westfalen,1978,in Betrieb,Braunkohle,Ja,19.5
,BNA1331,Reno De Medici Arnsberg GmbH,Reno De Medici,Nordrhein-Westfalen,1923,in Betrieb,Steinkohle,ja,19.0
,BNA1285,K+S AG,Sigmundshall,Niedersachsen,1974,in Betrieb,Erdgas,Ja,19.0
,BNA1406,FS-Karton GmbH,FS-Karton,Nordrhein-Westfalen,1992,in Betrieb,Erdgas,Ja,18.9
,BNA1292b,Voith Dienstleistungen und Grundstücks GmbH & Co. KG,IHKW Heidenheim,Baden-Württemberg,2014,in Betrieb,Erdgas,Ja,18.9
,BNA0354,Georg-August-Universität Göttingen Stiftung Öffentlichen Rechts,HKW Göttingen,Niedersachsen,1998,in Betrieb,Erdgas,Ja,18.8
,BNA1400a,"Südzucker AG Mannheim/Ochsenfurt, Werk Zeitz",EZ1,Sachsen-Anhalt,1993,in Betrieb,Braunkohle,Ja,18.5
,BNA1402,Delkeskamp Verpackungswerke GmbH,Heizkraftwerk zur Papierfabrik,Niedersachsen,1995,in Betrieb,Erdgas,ja,18.1
,BNA1104,Stadtwerke Augsburg Energie GmbH,Heizkraftwerk,Bayern,1976,Gesetzlich an Stilllegung gehindert,Erdgas,Ja,18.0
,BNA0051,Cargill Deutschland GmbH,KWK-Anlage Barby,Sachsen-Anhalt,2013,in Betrieb,Erdgas,Ja,17.8
,BNA1461,CropEnergies Bioethanol GmbH Zeitz,,Sachsen-Anhalt,2005,in Betrieb,Braunkohle,Ja,17.5
06-09-500-0112-0001,BNA0261b,Erlanger Stadtwerke AG,HKW Erlangen,Bayern,1980,in Betrieb,Steinkohle,Ja,17.4
,BNA0804b,K+S AG,Hattorf,Hessen,2013,in Betrieb,Erdgas,Ja,17.3
,BNA1678,Flughafen München GmbH,Energiezentrale 2016,Bayern,2015,in Betrieb,Erdgas,Ja,17.2
,BNA1200,Energie- und Medienversorgung Sandhofer Straße GmbH & Co. KG,GuD-Kraftwerk,Baden-Württemberg,2005,in Betrieb,Erdgas,Ja,17.2
,BNA1671,Kronos Titan GmbH,,Niedersachsen,2014,in Betrieb,Erdgas,Ja,17.1
,BNA1503,Daimler AG,BHKW H.120,Nordrhein-Westfalen,2012,in Betrieb,Erdgas,Ja,16.9
,BNA1408,Evonik Degussa GmbH,Heizkraftwerk Evonik Rheinfelden,Baden-Württemberg,1980,in Betrieb,Erdgas,Ja,16.0
,BNA1183,RheinEnergie AG,HKW Merheim,Nordrhein-Westfalen,2001,in Betrieb,Erdgas,Ja,15.8
,BNA1499,"Nordzucker AG, Werk Clauen",Werk Clauen,Niedersachsen,"vor 1945 /
letzte Änderung 2000",Sonderfall,Erdgas,Ja,15.8
,BNA1182,RheinEnergie AG,HKW Merkenich,Nordrhein-Westfalen,1965,in Betrieb,Erdgas,Ja,15.5
,BNA0025,Suiker Unie GmbH,Kesselhaus Zuckerfabrik,Mecklenburg-Vorpommern,1993,in Betrieb,Erdgas,Ja,15.1
,BNA1094,Smurfit Kappa Zülpich Papier GmbH,Gaskraftwerk,Nordrhein-Westfalen,1966,in Betrieb,Erdgas,Ja,15.1
,BNA1238,Molkerei MEGGLE Wasserburg GmbH & Co. KG,Kraftwerk Meggle,Bayern,2000,in Betrieb,Erdgas,ja,15.1
06-05-300-0326774,BNA0714,RWE Power AG,Fortuna Nord,Nordrhein-Westfalen,1984,in Betrieb,Braunkohle,Ja,15.0
,BNA1334,CR3-Kaffeeveredelung M. Hermsen GmbH,KWK-Anlage,Bremen,1993 und 2002,in Betrieb,Erdgas,Ja,14.8
,BNA0360,Energieerzeugungsgesellschaft Greifswald GmbH,"HKW ""Helmshäger Berg""",Mecklenburg-Vorpommern,1996,in Betrieb,Erdgas,Ja,14.7
,BNA1141,Pfeifer & Langen Kommanditgesellschaft,P&L Werk Euskirchen,Nordrhein-Westfalen,1970 / 1981 / 2013,in Betrieb,Braunkohle,Ja,14.5
,BNA0118,Energie- und Wasserversorgung Bonn/Rhein-Sieg GmbH,Heizkraftwerk Süd,Nordrhein-Westfalen,1969,Endgültig Stillgelegt 2012 (ohne StA),Erdgas,Ja,14.4
,BNA0556b,Cargill Deutschland GmbH,KWK-Anlage Krefeld VM,Nordrhein-Westfalen,1995,in Betrieb,Erdgas,Nein,14.0
,BNA1131,Metsä Tissue GmbH Werk Düren,"MT, Düren",Nordrhein-Westfalen,2011,in Betrieb,Erdgas,Nein,14.0
,BNA1264,Stadtwerke Suhl/Zella-Mehlis GmbH,HKW Bohrhügel,Thüringen,1995,in Betrieb,Erdgas,Ja,13.5
,BNA0156b,Egger Kraftwerk Brilon GmbH,Egger Kraftwerk Briilon,Nordrhein-Westfalen,1996,in Betrieb,Erdgas,Ja,13.5
,BNA1407,Schoeller Technocell GmbH & Co. KG,STW,Sachsen,2007,in Betrieb,Erdgas,Ja,13.5
,BNA1151,RWE Energiedienstleistungen GmbH,KWKK Heidelberg,Baden-Württemberg,2002,in Betrieb,Erdgas,Ja,13.5
,BNA0957,Stadtwerke Tübingen GmbH,BHKW Obere Viehweide,Baden-Württemberg,2000,in Betrieb,Erdgas,Ja,13.4
07-05-8030815,BNA0510b,SWK - Stadtwerke Kaiserslautern,HKW Karcherstr.,Rheinland-Pfalz,1996,in Betrieb,Steinkohle,Ja,13.4
,BNA1541,Freiberger Erdgas GmbH,HKW Freiberg,Sachsen,2013,in Betrieb,Erdgas,Ja,13.4
,BNA1465b,DS Smith Paper Deutschland GmbH,Gaskraftwerk,Hessen,1975,Sonderfall,Erdgas,Ja,13.2
,BNA1528,Stadtwerke Kempen GmbH,,Nordrhein-Westfalen,1990,in Betrieb,Erdgas,Ja,13.2
,BNA1450,DREWSEN SPEZIALPAPIERE GmbH & Co.KG,GUD-Anlage DREWSEN,Niedersachsen,2000,in Betrieb,Erdgas,Ja,13.0
,BNA1504,Daimler AG,BHKW,Rheinland-Pfalz,2013,in Betrieb,Erdgas,Ja,13.0
,BNA1557,Volkswagen Sachsen GmbH ,,Sachsen,2014,in Betrieb,Erdgas,Ja,12.9
,BNA1329,Kübler & Niethammer Papierfabrik Kriebstein AG,K&N PFK AG EV,Sachsen,1993,in Betrieb,Erdgas,Ja,12.8
,BNA1193,Stadtwerke Lemgo GmbH,HKW-West,Nordrhein-Westfalen,2001,in Betrieb,Erdgas,ja,12.8
,BNA1502,SWK ENERGIE GmbH,Heizkraftwerk Krefeld,Nordrhein-Westfalen,1990 / 2013,in Betrieb,Erdgas,Ja,12.6
,BNA1196a,MVV Energie AG,BHKW Ludwigshafen,Rheinland-Pfalz,2008,in Betrieb,Erdgas,Ja,12.5
,BNA0059a,Volkswagen AG,HKW Kassel,Hessen,1961,Endgültig Stillgelegt 2013 (ohne StA),Erdgas,Ja,12.2
,BNA1333a,Universität Stuttgart,HKW Pfaffenwald,Baden-Württemberg,1988,in Betrieb,Erdgas,Ja,12.2
,BNA1196b,MVV Energie AG,Industriekraftwerk Ludwigshafen,Rheinland-Pfalz,2003,in Betrieb,Erdgas,Ja,12.0
,BNA0510a,SWK - Stadtwerke Kaiserslautern,HKW Karcherstr.,Rheinland-Pfalz,1989,in Betrieb,Erdgas,Ja,11.6
,BNA1333c,Universität Stuttgart,HKW Pfaffenwald,Baden-Württemberg,1968,in Betrieb,Erdgas,Ja,11.6
,BNA1284,Grace GmbH & Co. KG ,Co-Generation,Rheinland-Pfalz,1991,in Betrieb,Erdgas,Ja,11.5
,BNA1403,GDF SUEZ E&P DEUTSCHLAND GMBH,Steinitz,Sachsen-Anhalt,1995,in Betrieb,Erdgas,Ja,11.4
,BNA1165,Pfeifer & Langen Kommanditgesellschaft,P&L Werk Appeldorn,Nordrhein-Westfalen,2004,in Betrieb,Erdgas,ja,11.4
,BNA1117,"Industriekraftwerk Breuberg GmbH /
Pirelli Deutschland GmbH",Industriekraftwerk Breuberg,Hessen,1999,in Betrieb,Erdgas,Ja,11.4
,BNA1658,Stadtwerke Lemgo GmbH,HKW-Mitte,Nordrhein-Westfalen,1980,in Betrieb,Erdgas,Ja,11.3
,BNA1333b,Universität Stuttgart,HKW Pfaffenwald,Baden-Württemberg,1969,in Betrieb,Erdgas,Ja,11.3
,BNA0799,Heizkraftwerk Pforzheim GmbH,Heizkraftwerk Pforzheim GmbH,Baden-Württemberg,1969,Endgültig Stillgelegt 2016 (mit StA),Erdgas,Ja,11.3
,BNA1292a,Voith Dienstleistungen und Grundstücks GmbH & Co. KG,IHKW Heidenheim,Baden-Württemberg,1983,in Betrieb,Erdgas,Ja,11.1
,BNA1327a,Flughafen München GmbH,Energiezentrale 1992,Bayern,1992,Sonderfall,Erdgas,Ja,11.1
,BNA0255,SWE Energie GmbH,HKW Iderhoffstraße,Thüringen,1996,in Betrieb,Erdgas,Ja,11.0
,BNA1507,"Michelin Reifenwerke AG & Co. KGaA 
Standort Bad Kreuznach",,Rheinland-Pfalz,2006,in Betrieb,Erdgas,Ja,10.7
,BNA1677,Volkswagen AG,BHKW Braunschweig,Niedersachsen,2015,In Betrieb,Erdgas,ja,10.4
,BNA1138,Stadtwerke Erkrath GmbH,BHKW an Klinkerweg,Nordrhein-Westfalen,2000,in Betrieb,Erdgas,Ja,10.2
,BNA1120,RÜTGERS InfraTec GmbH,Energiezentrale,Nordrhein-Westfalen,1991,in Betrieb,Erdgas,Ja,10.2
,BNA1187,Pfeifer & Langen Kommanditgesellschaft,P&L Werk Lage,Nordrhein-Westfalen,1980,in Betrieb,Erdgas,ja,10.2
,BNA1125,Merck KGaA,Heizkraftwerk,Hessen,1999,in Betrieb,Erdgas,Ja,10.0
,BNA1293a,Martinswerk GmbH,Kraftwerk,Nordrhein-Westfalen,1995,Vorläufig Stillgelegt (ohne StA),Braunkohle,ja,10.0
,BNA1293b,Martinswerk GmbH,Kraftwerk,Nordrhein-Westfalen,1995,in Betrieb,Braunkohle,Ja,10.0
,BNA0832,FairEnergie GmbH,BHKW-Hauffstraße,Baden-Württemberg,2011,in Betrieb,Erdgas,Ja,9.8
,BNA0842a,Stadtwerke Rosenheim GmbH & Co. KG,Gasmotore,Bayern,2011,in Betrieb,Erdgas,Ja,9.8
,BNA1105,Thüringer Energie AG,HKW Bad Salzungen,Thüringen,1994,in Betrieb,Erdgas,Ja,9.7
,BNA1511a,"Papierfabrik Schoellershammer 
Heinrich August Schoeller Söhne GmbH & Co. KG",Kessel 4,Nordrhein-Westfalen,1983,in Betrieb,Braunkohle,Ja,9.3
,BNA0842b,Stadtwerke Rosenheim GmbH & Co. KG,Gasmotor 4,Bayern,2013,in Betrieb,Erdgas,Ja,9.2
,BNA0922a,KWG-Kraftwerksgesellschaft Staßfurt mbH,GuD-Ikw Staßfurt,Sachsen-Anhalt,1996,Endgültig Stillgelegt 2015 (ohne StA),Erdgas,Ja,9.0
,BNA1492b,Papierfabrik Adolf Jass Schwarza GmbH,Kraftwerk 2,Hessen,2012,in Betrieb,Erdgas,Ja,8.0
,BNA1327b,Flughafen München GmbH,Erweiterung Energiezentrale 2003,Bayern,2003,in Betrieb,Erdgas,Ja,7.4
,BNA0261c,Erlanger Stadtwerke AG,HKW Erlangen,Bayern,2014,in Betrieb,Erdgas,Ja,6.7
,BNA1127,GHD Bayernwerk Natur GmbH & Co. KG,GHD,Bayern,1998,in Betrieb,Erdgas,Ja,6.7
,BNA1128,GHD Bayernwerk Natur GmbH & Co. KG,GHD,Bayern,1998,in Betrieb,Erdgas,Ja,6.7
,BNA1226,Peißenberger Wärmegesellschaft mbH,PWG,Bayern,1987,Sonderfall,Erdgas,Ja,5.3
,BNA1225,Peißenberger Wärmegesellschaft mbH,PWG,Bayern,1989,Sonderfall,Erdgas,Ja,5.3
,BNA1444d,Prinovis Ltd. & Co. KG,GT4 ,Bayern,1995,in Betrieb,Erdgas,ja,5.1
,BNA1444c,Prinovis Ltd. & Co. KG,GT3 ,Bayern,1994,in Betrieb,Erdgas,ja,5.1
,BNA0843,Stadtwerke Rosenheim GmbH & Co. KG,Gasmotor 5,Bayern,2012,in Betrieb,Erdgas,Ja,4.3
,BNA1444a,Prinovis Ltd. & Co. KG,GT1 ,Bayern,1993,in Betrieb,Erdgas,ja,4.2
,BNA1444b,Prinovis Ltd. & Co. KG,GT2 ,Bayern,1993,in Betrieb,Erdgas,ja,4.2
,BNA0232c,Sappi Ehingen GmbH,Werkskraftwerk Sappi Ehingen,Baden-Württemberg,1976,in Betrieb,Erdgas,Ja,4.0
,BNA1293c,Martinswerk GmbH,Kraftwerk,Nordrhein-Westfalen,1995,Vorläufig Stillgelegt (ohne StA),Erdgas,Ja,3.0
,BNA1511b,"Papierfabrik Schoellershammer 
Heinrich August Schoeller Söhne GmbH & Co. KG",Kessel 2,Nordrhein-Westfalen,1967,in Betrieb,Erdgas,Ja,2.9
,BNA1121,RÜTGERS InfraTec GmbH,Energiezentrale,Nordrhein-Westfalen,2005,in Betrieb,Erdgas,Ja,0.9
,BNA1335b,Papier- u. Kartonfabrik Varel GmbH & Co. KG,PKV Kraftwerk,Niedersachsen,1968,in Betrieb,Erdgas,Ja,0.5
